{
  "detection": {
    "accuracy": 0.5675,
    "precision": 0.516669084578558,
    "recall": 0.5675,
    "f1": 0.5076032166553349,
    "auc": 0.5365104166666667,
    "confusion_matrix": [
      [
        24,
        136
      ],
      [
        37,
        203
      ]
    ]
  },
  "source": {
    "accuracy": 0.395,
    "precision": 0.3049290966386554,
    "recall": 0.395,
    "f1": 0.27292713266335517,
    "confusion_matrix": [
      [
        6,
        1,
        1,
        52,
        1
      ],
      [
        1,
        2,
        1,
        50,
        2
      ],
      [
        2,
        1,
        2,
        62,
        2
      ],
      [
        4,
        3,
        5,
        147,
        1
      ],
      [
        3,
        1,
        3,
        46,
        1
      ]
    ]
  },
  "combined": {
    "accuracy": 0.0875
  }
}